{"list":[{"id":"Default","list":[{"ItemName":"Knife","objLocalPosition":{"x":-0.0860000029206276,"y":0.07999999821186066,"z":0.03700000047683716},"objLocalEulerAngles":{"x":1.215395212173462,"y":265.953857421875,"z":51.11995315551758},"objLocalScale":{"x":0.8917157649993897,"y":0.8917157649993897,"z":0.8917157649993897},"leftHandPosition":{"x":0.0,"y":0.0,"z":0.0},"leftHandEulerAngles":{"x":0.0,"y":0.0,"z":0.0},"rightHandPosition":{"x":-0.12164917588233948,"y":0.05213019251823425,"z":-0.1808355450630188},"rightHandEulerAngles":{"x":312.4569396972656,"y":131.72938537597657,"z":334.27838134765627}},{"ItemName":"Makarov","objLocalPosition":{"x":-0.031700000166893008,"y":0.1762000024318695,"z":0.030799999833106996},"objLocalEulerAngles":{"x":85.0910873413086,"y":190.98533630371095,"z":272.1436462402344},"objLocalScale":{"x":0.029900740832090379,"y":0.029900744557380678,"z":0.029900744557380678},"leftHandPosition":{"x":-1.8415398597717286,"y":-5.640227317810059,"z":1.0529499053955079},"leftHandEulerAngles":{"x":358.91705322265627,"y":277.1737365722656,"z":164.43524169921876},"rightHandPosition":{"x":-4.525629997253418,"y":-2.980093002319336,"z":5.9168171882629398},"rightHandEulerAngles":{"x":7.1035871505737309,"y":207.34280395507813,"z":272.2960205078125}},{"ItemName":"AKM","objLocalPosition":{"x":-0.062167488038539889,"y":0.219517782330513,"z":0.06789171695709229},"objLocalEulerAngles":{"x":283.63922119140627,"y":22.713008880615236,"z":78.67743682861328},"objLocalScale":{"x":1.1447709798812867,"y":1.1447709798812867,"z":1.1447709798812867},"leftHandPosition":{"x":0.09681504964828491,"y":-0.15613584220409394,"z":0.12506327033042909},"leftHandEulerAngles":{"x":345.851318359375,"y":97.77957916259766,"z":192.7623748779297},"rightHandPosition":{"x":0.010853885672986508,"y":-0.13858038187026978,"z":-0.23567447066307069},"rightHandEulerAngles":{"x":2.3301756381988527,"y":45.464168548583987,"z":267.8976135253906}},{"ItemName":"GrenadeLauncher","objLocalPosition":{"x":-0.10505552589893341,"y":0.18546068668365479,"z":0.03435174375772476},"objLocalEulerAngles":{"x":6.0232062339782719,"y":275.084716796875,"z":6.565980911254883},"objLocalScale":{"x":0.10000000149011612,"y":0.10000000149011612,"z":0.10000000149011612},"leftHandPosition":{"x":-0.365278422832489,"y":1.5296523571014405,"z":-2.627469301223755},"leftHandEulerAngles":{"x":311.4891052246094,"y":229.27755737304688,"z":49.2740364074707},"rightHandPosition":{"x":-1.624328374862671,"y":-2.249758720397949,"z":-1.360597014427185},"rightHandEulerAngles":{"x":293.61468505859377,"y":191.80929565429688,"z":261.681884765625}},{"ItemName":"GermanGrenade_LP","objLocalPosition":{"x":-0.0008822300005704165,"y":0.11501000076532364,"z":-0.07511100172996521},"objLocalEulerAngles":{"x":0.0,"y":0.0,"z":0.0},"objLocalScale":{"x":0.826770544052124,"y":0.826770544052124,"z":0.826770544052124},"leftHandPosition":{"x":0.0,"y":0.0,"z":0.0},"leftHandEulerAngles":{"x":0.0,"y":0.0,"z":0.0},"rightHandPosition":{"x":-0.07513324916362763,"y":-0.09798378497362137,"z":-0.09904669225215912},"rightHandEulerAngles":{"x":298.6312561035156,"y":199.5917205810547,"z":162.96656799316407}},{"ItemName":"RPG","objLocalPosition":{"x":-0.13300000131130219,"y":-0.07800000160932541,"z":-0.01600000075995922},"objLocalEulerAngles":{"x":279.57354736328127,"y":327.956298828125,"z":119.68757629394531},"objLocalScale":{"x":0.04820523411035538,"y":0.04820523411035538,"z":0.04820523411035538},"leftHandPosition":{"x":0.030936183407902719,"y":-4.7936601638793949,"z":5.992579460144043},"leftHandEulerAngles":{"x":349.7244567871094,"y":96.77717590332031,"z":100.81614685058594},"rightHandPosition":{"x":-0.015336657874286175,"y":-3.267810583114624,"z":-0.7545910477638245},"rightHandEulerAngles":{"x":21.53216552734375,"y":36.72740173339844,"z":283.5774841308594}}]},{"id":"Bodyguards","list":[{"ItemName":"Knife","objLocalPosition":{"x":0.12099999934434891,"y":-0.014000000432133675,"z":0.07999999821186066},"objLocalEulerAngles":{"x":348.46514892578127,"y":22.19718360900879,"z":65.98514556884766},"objLocalScale":{"x":0.8917157649993897,"y":0.8917157649993897,"z":0.8917157649993897},"leftHandPosition":{"x":0.0,"y":0.0,"z":0.0},"leftHandEulerAngles":{"x":0.0,"y":0.0,"z":0.0},"rightHandPosition":{"x":0.06480593979358673,"y":0.11099431663751602,"z":-0.2110804170370102},"rightHandEulerAngles":{"x":40.37700653076172,"y":74.76659393310547,"z":349.4916076660156}},{"ItemName":"Makarov","objLocalPosition":{"x":0.15769748389720918,"y":-0.03228358179330826,"z":0.027360498905181886},"objLocalEulerAngles":{"x":347.4195556640625,"y":277.3154296875,"z":275.822509765625},"objLocalScale":{"x":0.028540119528770448,"y":0.028540119528770448,"z":0.028540119528770448},"leftHandPosition":{"x":-2.03934383392334,"y":-4.433631896972656,"z":1.7211699485778809},"leftHandEulerAngles":{"x":13.594501495361329,"y":245.39788818359376,"z":165.4552764892578},"rightHandPosition":{"x":-4.46663236618042,"y":-3.922461748123169,"z":2.107757568359375},"rightHandEulerAngles":{"x":12.017904281616211,"y":209.11607360839845,"z":267.7508239746094}},{"ItemName":"AKM","objLocalPosition":{"x":0.2017209380865097,"y":-0.01479807123541832,"z":0.023074090480804445},"objLocalEulerAngles":{"x":349.0062255859375,"y":106.29521942138672,"z":96.66987609863281},"objLocalScale":{"x":1.059973120689392,"y":1.059973120689392,"z":1.059973120689392},"leftHandPosition":{"x":-0.0021270611323416235,"y":-0.15854515135288239,"z":0.15254510939121247},"leftHandEulerAngles":{"x":338.720703125,"y":46.61603546142578,"z":180.84361267089845},"rightHandPosition":{"x":0.08700767904520035,"y":-0.20911726355552674,"z":-0.12563446164131165},"rightHandEulerAngles":{"x":338.8904724121094,"y":351.87591552734377,"z":244.14572143554688}},{"ItemName":"GrenadeLauncher","objLocalPosition":{"x":0.15841083228588105,"y":-0.009218702092766762,"z":0.05602665990591049},"objLocalEulerAngles":{"x":341.3902587890625,"y":10.78679084777832,"z":266.5203857421875},"objLocalScale":{"x":0.10000000149011612,"y":0.10000000149011612,"z":0.10000000149011612},"leftHandPosition":{"x":-1.030442714691162,"y":1.658499836921692,"z":-1.2759459018707276},"leftHandEulerAngles":{"x":290.64569091796877,"y":271.7540283203125,"z":340.87591552734377},"rightHandPosition":{"x":-1.2824106216430665,"y":-1.860872507095337,"z":-1.2220107316970826},"rightHandEulerAngles":{"x":282.8128356933594,"y":310.66192626953127,"z":161.3190460205078}},{"ItemName":"GermanGrenade_LP","objLocalPosition":{"x":0.15960000455379487,"y":-0.07810000330209732,"z":-0.009100000374019146},"objLocalEulerAngles":{"x":323.1258544921875,"y":295.6766357421875,"z":196.3886260986328},"objLocalScale":{"x":0.5714973211288452,"y":0.5714973211288452,"z":0.5714973211288452},"leftHandPosition":{"x":0.0,"y":0.0,"z":0.0},"leftHandEulerAngles":{"x":0.0,"y":0.0,"z":0.0},"rightHandPosition":{"x":-0.1282302886247635,"y":-0.12739324569702149,"z":0.6879544258117676},"rightHandEulerAngles":{"x":30.62252426147461,"y":242.82522583007813,"z":200.74635314941407}},{"ItemName":"RPG","objLocalPosition":{"x":-0.02500000037252903,"y":0.0820000022649765,"z":0.1770000010728836},"objLocalEulerAngles":{"x":19.107908248901368,"y":114.49787139892578,"z":66.91705322265625},"objLocalScale":{"x":0.04304038733243942,"y":0.04304038733243942,"z":0.04304038733243942},"leftHandPosition":{"x":1.788179636001587,"y":-0.11684270948171616,"z":5.92922830581665},"leftHandEulerAngles":{"x":355.08746337890627,"y":86.63232421875,"z":146.52493286132813},"rightHandPosition":{"x":2.7491729259490969,"y":-3.4670095443725588,"z":1.2473419904708863},"rightHandEulerAngles":{"x":325.5393981933594,"y":27.700084686279298,"z":292.5826416015625}}]}]}